symbol,asof_date,close,avg_turnover_60d
360ONE,2026-08-07,1168.0999755859375,1269523591.6395142
3MINDIA,2026-08-07,36035.0,161261373.16666666
AADHARHFC,2026-08-07,506.3999938964844,245096376.72756246
AARTIIND,2026-08-07,502.1000061035156,629215285.5803167
AAVAS,2026-08-07,1371.5,188012632.81217855
ABB,2026-08-07,7600.0,2794822647.25
ABBOTINDIA,2026-08-07,27835.0,280744372.0833333
ABCAPITAL,2026-08-07,408.04998779296875,1607273598.1512802
ABDL,2026-08-07,599.25,286686704.92332155
ABFRL,2026-08-07,63.33000183105469,333245265.3892029
ABLBL,2026-08-07,93.86000061035156,94689209.20702934
ABREL,2026-08-07,1382.800048828125,244379255.02484944
ABSLAMC,2026-08-07,1025.300048828125,412811860.1024587
ACC,2026-08-07,1362.800048828125,247318191.20829263
ACE,2026-08-07,1094.300048828125,500025245.37391055
ACMESOLAR,2026-08-07,368.6000061035156,835341153.4110402
ACUTAAS,2026-08-07,3297.89990234375,1411636546.3973715
ADANIENSOL,2026-08-07,1630.0999755859375,4323455406.738141
ADANIENT,2026-08-07,3020.0,6304404739.140796
ADANIGREEN,2026-08-07,1372.4000244140625,4728204073.935518
ADANIPORTS,2026-08-07,1693.5,3929889923.3962502
ADANIPOWER,2026-08-07,209.0,7309628146.49813
AEGISLOG,2026-08-07,1371.0,3332575286.634613
AEGISVOPAK,2026-08-07,285.29998779296875,498717925.2895668
AFCONS,2026-08-07,274.25,514922089.03911996
AFFLE,2026-08-07,1645.5999755859375,520139414.3044678
AIAENG,2026-08-07,4776.0,482475420.1776611
AIIL,2026-08-07,596.5999755859375,491278311.1357351
AJANTPHARM,2026-08-07,3489.199951171875,426957106.8731527
ALKEM,2026-08-07,5620.0,854373888.8583333
AMBER,2026-08-07,7435.0,2983976918.5916667
AMBUJACEM,2026-08-07,434.0,1300764160.1939056
ANANDRATHI,2026-08-07,2101.5,1105416532.937732
ANANTRAJ,2026-08-07,615.9000244140625,1572433111.8236918
ANGELONE,2026-08-07,292.0,2397692721.6146317
ANTHEM,2026-08-07,841.0,522726465.6092916
ANURAS,2026-08-07,1214.5999755859375,402519936.3885376
APARINDS,2026-08-07,16631.0,2317235311.6666665
APLAPOLLO,2026-08-07,1970.0,1247691692.744751
APOLLOHOSP,2026-08-07,8945.0,3034599660.1666665
APOLLOTYRE,2026-08-07,445.0,553757386.2921427
APTUS,2026-08-07,260.6499938964844,285285836.4091476
ARE&M,2026-08-07,931.7000122070312,827975791.7507681
ASAHIINDIA,2026-08-07,898.7000122070312,135690417.16429037
ASHOKLEY,2026-08-07,177.5,4007868325.0809317
ASIANPAINT,2026-08-07,2735.0,3290247219.839762
ASTERDM,2026-08-07,869.7000122070312,528675457.66502887
ASTRAL,2026-08-07,1444.0,1006663119.5705546
ATGL,2026-08-07,657.5499877929688,3998174355.887916
ATHERENERG,2026-08-07,1481.5,5462693184.048516
ATUL,2026-08-07,6774.0,286520850.96666664
AUBANK,2026-08-07,1067.0,1948221947.4822683
AUROPHARMA,2026-08-07,1658.0,1969714334.66179
AWL,2026-08-07,197.5,622974603.257475
AXISBANK,2026-08-07,1238.0,9253423408.31295
BAJAJ-AUTO,2026-08-07,11662.0,4302772841.8
BAJAJFINSV,2026-08-07,2008.9000244140625,2386265374.8661113
BAJAJHFL,2026-08-07,85.79000091552734,390931040.6123093
BAJAJHLDNG,2026-08-07,11263.0,550236807.2833333
BAJFINANCE,2026-08-07,1078.0,9943790306.503397
BALKRISIND,2026-08-07,2466.300048828125,702957136.040747
BALRAMCHIN,2026-08-07,633.4500122070312,404035910.7076436
BANDHANBNK,2026-08-07,176.02000427246094,2573610140.5165915
BANKBARODA,2026-08-07,250.6999969482422,3313555843.7187266
BANKINDIA,2026-08-07,145.0,1375978638.5133722
BATAINDIA,2026-08-07,720.5,378569190.1223745
BAYERCROP,2026-08-07,4177.2001953125,161518564.36879882
BBTC,2026-08-07,1504.0999755859375,55230012.390802
BDL,2026-08-07,1294.0,1646281289.6285257
BEL,2026-08-07,401.0,5266028670.639781
BELRISE,2026-08-07,248.2100067138672,1120069887.9079194
BEML,2026-08-07,1787.800048828125,473671952.1137024
BERGEPAINT,2026-08-07,530.5499877929688,314857952.9800074
BHARATFORG,2026-08-07,2265.199951171875,2224193639.0760193
BHARTIARTL,2026-08-07,1959.9000244140625,14761562060.593119
BHARTIHEXA,2026-08-07,1538.800048828125,302303624.48151857
BHEL,2026-08-07,405.20001220703125,5434592882.903131
BIKAJI,2026-08-07,623.5,102758985.15614726
BIOCON,2026-08-07,426.3500061035156,2102745664.4371068
BLS,2026-08-07,254.3300018310547,494220525.01920754
BLUEDART,2026-08-07,5089.5,127287056.47107747
BLUEJET,2026-08-07,593.9000244140625,592447848.3702062
BLUESTARCO,2026-08-07,1514.0,747215126.1262654
BOSCHLTD,2026-08-07,42950.0,1576282587.75
BPCL,2026-08-07,321.0,2491117944.150976
BRIGADE,2026-08-07,581.9500122070312,379131737.624529
BRITANNIA,2026-08-07,5510.0,1706318470.2333333
BSE,2026-08-07,3457.10009765625,13645076169.177853
BSOFT,2026-08-07,318.5,634065567.648701
CAMS,2026-08-07,787.5,964679571.175181
CANBK,2026-08-07,131.9499969482422,3715674179.2273097
CANFINHOME,2026-08-07,811.2999877929688,219933809.58437195
CANHLIFE,2026-08-07,152.19000244140625,276192802.8691251
CAPLIPOINT,2026-08-07,2574.10009765625,449153221.1278361
CARBORUNIV,2026-08-07,1097.0,354290653.42247313
CARTRADE,2026-08-07,2793.0,2587086588.4028444
CASTROLIND,2026-08-07,192.0800018310547,291213050.39485496
CCL,2026-08-07,1130.0,428303677.56351525
CDSL,2026-08-07,1328.0,2364432756.625901
CEATLTD,2026-08-07,3723.10009765625,580773788.2115967
CEMPRO,2026-08-07,1208.0999755859375,918368908.2247406
CENTRALBK,2026-08-07,31.360000610351562,473368083.198828
CESC,2026-08-07,163.94000244140625,285456717.9289986
CGCL,2026-08-07,230.25,1005407229.663383
CGPOWER,2026-08-07,879.0,4072099195.2833037
CHALET,2026-08-07,859.7000122070312,117762253.31166281
CHAMBLFERT,2026-08-07,450.70001220703125,428950742.49056953
CHENNPETRO,2026-08-07,1275.4000244140625,1690236719.3999267
CHOICEIN,2026-08-07,841.1500244140625,698749101.2949473
CHOLAFIN,2026-08-07,1866.199951171875,2826912785.794924
CHOLAHLDNG,2026-08-07,1628.0,294292181.4063619
CIEINDIA,2026-08-07,410.5,172084606.76091918
CIPLA,2026-08-07,1463.800048828125,2411544629.559688
CLEAN,2026-08-07,795.1500244140625,315948838.98505557
COALINDIA,2026-08-07,415.25,5309946756.964174
COCHINSHIP,2026-08-07,1519.699951171875,2064345749.591156
COFORGE,2026-08-07,1776.0,5436852948.677853
COHANCE,2026-08-07,445.75,657432973.4554917
COLPAL,2026-08-07,2030.0,879129665.2011739
CONCOR,2026-08-07,505.20001220703125,1049707735.7778991
CONCORDBIO,2026-08-07,1365.0,391561984.41490275
COROMANDEL,2026-08-07,2069.300048828125,592150646.9264302
CPPLUS,2026-08-07,3708.699951171875,974131329.3653401
CRAFTSMAN,2026-08-07,10483.0,690065582.8083333
CREDITACC,2026-08-07,1523.5999755859375,525949452.534021
CRISIL,2026-08-07,4607.0,258022729.55659586
CROMPTON,2026-08-07,249.9499969482422,917709381.2628105
CUB,2026-08-07,212.0,667992839.0337145
CUMMINSIND,2026-08-07,5426.0,2793962152.133333
CYIENT,2026-08-07,857.5,404670725.6421031
DABUR,2026-08-07,410.0,961953722.5074676
DALBHARAT,2026-08-07,1827.4000244140625,492178410.44769895
DATAPATTNS,2026-08-07,4380.7001953125,5114567612.017187
DCMSHRIRAM,2026-08-07,1016.7999877929688,113523091.32111715
DEEPAKFERT,2026-08-07,1537.800048828125,673916384.4557637
DEEPAKNTR,2026-08-07,1796.5,430429243.4282166
DELHIVERY,2026-08-07,473.29998779296875,2119653532.4753306
DEVYANI,2026-08-07,134.72999572753906,442443558.4528729
DIVISLAB,2026-08-07,8275.0,3242343022.525
DIXON,2026-08-07,14200.0,7321399957.5
DLF,2026-08-07,642.0,2802742497.518746
DMART,2026-08-07,3900.0,2439940087.603593
DOMS,2026-08-07,2260.60009765625,453148770.13919675
DRREDDY,2026-08-07,1172.0,2828066122.117212
ECLERX,2026-08-07,1769.0999755859375,675621650.7347513
EICHERMOT,2026-08-07,8020.0,4491704991.533334
EIDPARRY,2026-08-07,805.0999755859375,267609682.68578288
EIHOTEL,2026-08-07,306.54998779296875,71607965.87292989
ELECON,2026-08-07,437.8500061035156,323308194.07674915
ELGIEQUIP,2026-08-07,588.4500122070312,293510888.9403076
EMAMILTD,2026-08-07,412.54998779296875,260873873.47900492
EMCURE,2026-08-07,1978.4000244140625,324322615.8901001
EMMVEE,2026-08-07,318.8999938964844,1201424561.553806
ENDURANCE,2026-08-07,2904.5,372311799.3159383
ENGINERSIN,2026-08-07,240.60000610351562,810856866.150999
ENRIN,2026-08-07,3648.800048828125,2597634550.781954
ERIS,2026-08-07,1382.4000244140625,165517433.71941122
ESCORTS,2026-08-07,3080.0,431604850.9964274
ETERNAL,2026-08-07,315.0,8790788337.105442
EXIDEIND,2026-08-07,490.0,2086620006.6039195
FACT,2026-08-07,839.4000244140625,442215709.3181305
FEDERALBNK,2026-08-07,356.25,3601297893.545271
FINCABLES,2026-08-07,1024.6500244140625,477192477.91196495
FIRSTCRY,2026-08-07,214.1999969482422,523411036.2367205
FIVESTAR,2026-08-07,543.25,569792288.1105524
FLUOROCHEM,2026-08-07,4518.10009765625,565408972.1654541
FORCEMOT,2026-08-07,18500.0,2029582070.3666666
FORTIS,2026-08-07,955.1500244140625,1376926302.8485575
FSL,2026-08-07,279.8500061035156,1013686055.9220922
GABRIEL,2026-08-07,1499.800048828125,755309739.4996501
GAIL,2026-08-07,173.6300048828125,1801827201.159912
GALLANTT,2026-08-07,605.5,121367501.98484191
GESHIP,2026-08-07,1341.800048828125,2167876055.3913674
GICRE,2026-08-07,357.20001220703125,401147185.0652944
GILLETTE,2026-08-07,7683.5,194293204.65
GLAND,2026-08-07,2601.0,1759691580.691268
GLAXO,2026-08-07,2599.699951171875,251181595.65550944
GLENMARK,2026-08-07,2279.10009765625,1461000945.7789836
GMDCLTD,2026-08-07,582.7999877929688,1000801333.0879883
GMRAIRPORT,2026-08-07,107.19999694824219,2211972202.809683
GODFRYPHLP,2026-08-07,2286.0,1183925982.4843059
GODIGIT,2026-08-07,272.25,292814773.4336014
GODREJCP,2026-08-07,1050.0,1181941618.4832804
GODREJIND,2026-08-07,1311.5,391956809.2746094
GODREJPROP,2026-08-07,2070.0,1400799668.7019572
GPIL,2026-08-07,240.61000061035156,712740905.5525333
GRANULES,2026-08-07,873.8499755859375,994927025.3042816
GRAPHITE,2026-08-07,709.9500122070312,956641315.1980835
GRASIM,2026-08-07,3323.0,2288398518.218233
GRAVITA,2026-08-07,1732.0999755859375,420852020.71243083
GROWW,2026-08-07,190.5,6630813365.815277
GRSE,2026-08-07,2599.0,2051066546.3810995
GVT&D,2026-08-07,4299.0,4932602080.008805
HAL,2026-08-07,4910.0,4440477482.50459
HAVELLS,2026-08-07,1288.0,1319051629.4253683
HBLENGINE,2026-08-07,727.0999755859375,958230203.5462168
HCLTECH,2026-08-07,1356.5999755859375,4790348717.040202
HDBFS,2026-08-07,665.6500244140625,479847644.23971355
HDFCAMC,2026-08-07,2545.0,2325163949.1079917
HDFCBANK,2026-08-07,731.0,27445689145.836815
HDFCLIFE,2026-08-07,540.0,2026835231.9420238
HEG,2026-08-07,674.0,1038379486.9713979
HEROMOTOCO,2026-08-07,5725.0,3553264841.6951904
HEXT,2026-08-07,564.5999755859375,603054914.5897603
HFCL,2026-08-07,207.97999572753906,6847315957.883882
HINDALCO,2026-08-07,1059.5999755859375,6172787657.264151
HINDCOPPER,2026-08-07,536.0999755859375,2483851716.0176945
HINDPETRO,2026-08-07,393.04998779296875,2636175574.3405185
HINDUNILVR,2026-08-07,2096.0,4253114544.566862
HINDZINC,2026-08-07,603.0,2435185671.1059446
HOMEFIRST,2026-08-07,1193.800048828125,254701450.81644693
HONASA,2026-08-07,477.6000061035156,1141445521.7430272
HONAUT,2026-08-07,37900.0,408911527.8333333
HSCL,2026-08-07,752.6500244140625,7764442097.960961
HUDCO,2026-08-07,201.0399932861328,573288423.9372724
HYUNDAI,2026-08-07,2200.5,2471906851.4245076
ICICIAMC,2026-08-07,3072.800048828125,1564190869.4577475
ICICIBANK,2026-08-07,1421.0,19834321970.037876
ICICIGI,2026-08-07,1639.0,1715268011.6325095
ICICIPRULI,2026-08-07,501.04998779296875,997025080.0199325
IDBI,2026-08-07,84.22000122070312,1397597083.8872106
IDEA,2026-08-07,12.729999542236328,6415378467.664954
IDFCFIRSTB,2026-08-07,84.62000274658203,2022931470.502623
IEX,2026-08-07,127.0999984741211,701604164.300607
IFCI,2026-08-07,73.9800033569336,4700610472.943402
IGIL,2026-08-07,355.79998779296875,260534455.0221049
IGL,2026-08-07,151.94000244140625,481536440.21615094
IIFL,2026-08-07,611.75,1280735168.300149
IKS,2026-08-07,1737.699951171875,377660545.71501464
INDGN,2026-08-07,554.4500122070312,173834214.39481252
INDHOTEL,2026-08-07,731.0,1749482931.8940368
INDIACEM,2026-08-07,398.1499938964844,106879503.10770111
INDIAMART,2026-08-07,1755.0,209413541.95511067
INDIANB,2026-08-07,889.5,2694728737.7797008
INDIGO,2026-08-07,5333.0,5581663541.364062
INDUSINDBK,2026-08-07,1022.0,2139732584.247827
INDUSTOWER,2026-08-07,386.0,2597964264.212771
INFY,2026-08-07,1175.0999755859375,17119116459.365686
INOXWIND,2026-08-07,78.0,1060740757.8707201
INTELLECT,2026-08-07,721.3499755859375,390346742.1537994
IOB,2026-08-07,34.2599983215332,139076651.57061717
IOC,2026-08-07,143.3800048828125,2005691061.941312
IPCALAB,2026-08-07,1735.800048828125,463711798.6382507
IRB,2026-08-07,19.68000030517578,446337721.56605
IRCON,2026-08-07,131.25,225292982.96155918
IRCTC,2026-08-07,519.9500122070312,473422109.91237134
IREDA,2026-08-07,119.80000305175781,766626240.3921267
IRFC,2026-08-07,88.75,1065562150.6291038
ITC,2026-08-07,286.1000061035156,4675259979.504102
ITCHOTELS,2026-08-07,170.64999389648438,614500821.3910695
ITI,2026-08-07,282.3999938964844,178764443.38814953
J&KBANK,2026-08-07,159.24000549316406,888817006.659061
JAINREC,2026-08-07,308.3999938964844,1128218176.9156647
JBMA,2026-08-07,648.6500244140625,700549764.2270712
JINDALSAW,2026-08-07,271.3999938964844,523249904.5957629
JINDALSTEL,2026-08-07,1103.0,1359214959.5131774
JIOFIN,2026-08-07,256.79998779296875,3874157233.8808684
JKCEMENT,2026-08-07,5379.5,421390967.78333336
JKTYRE,2026-08-07,394.8999938964844,565181466.1278468
JMFINANCIL,2026-08-07,127.45999908447266,412901055.1755825
JPPOWER,2026-08-07,17.940000534057617,2123594233.9323707
JSL,2026-08-07,734.6500244140625,431755570.7962707
JSWCEMENT,2026-08-07,134.2899932861328,701907652.6505375
JSWDULUX,2026-08-07,3011.699951171875,93602364.79313152
JSWENERGY,2026-08-07,564.4000244140625,1658505102.913379
JSWINFRA,2026-08-07,335.75,1271913261.436589
JSWSTEEL,2026-08-07,1299.5,2189720512.110602
JUBLFOOD,2026-08-07,486.5,1667150752.5458379
JUBLINGREA,2026-08-07,740.25,302009904.56812644
JUBLPHARMA,2026-08-07,932.0,123731039.88654684
JWL,2026-08-07,260.0,455214653.00333786
JYOTICNC,2026-08-07,784.2999877929688,1088226446.3882568
KAJARIACER,2026-08-07,1167.300048828125,314762496.8534933
KALYANKJIL,2026-08-07,606.2999877929688,11574156820.76542
KARURVYSYA,2026-08-07,335.54998779296875,1325427785.3879879
KAYNES,2026-08-07,3856.300048828125,5177360590.690027
KEC,2026-08-07,478.8500061035156,641558948.5700897
KEI,2026-08-07,5600.0,2051043244.06993
KFINTECH,2026-08-07,936.0,1127767399.8779826
KIMS,2026-08-07,811.0999755859375,492574945.92407125
KIRLOSENG,2026-08-07,2161.699951171875,1880846671.8438985
KOTAKBANK,2026-08-07,390.75,6071180962.324668
KPIL,2026-08-07,1317.199951171875,314331923.18628746
KPITTECH,2026-08-07,629.9000244140625,2314714267.242376
KPRMILL,2026-08-07,1076.699951171875,804808095.9942443
LALPATHLAB,2026-08-07,1931.5999755859375,876517044.9906046
LATENTVIEW,2026-08-07,297.20001220703125,401767879.0764536
LAURUSLABS,2026-08-07,1844.300048828125,3450064105.0293884
LEMONTREE,2026-08-07,111.01000213623047,387715820.83935684
LENSKART,2026-08-07,569.7000122070312,3237041062.4609265
LGEINDIA,2026-08-07,1586.5,880967449.4305867
LICHSGFIN,2026-08-07,504.25,818731075.290626
LICI,2026-08-07,394.0,2958574078.401172
LINDEINDIA,2026-08-07,7112.5,218752225.49166667
LLOYDSME,2026-08-07,2101.199951171875,965436112.1218241
LODHA,2026-08-07,1218.699951171875,3123188140.122335
LT,2026-08-07,4056.0,8014328756.000049
LTF,2026-08-07,308.0,1867349730.8825145
LTFOODS,2026-08-07,427.54998779296875,250929662.2046051
LTM,2026-08-07,4658.10009765625,2134413355.243392
LTTS,2026-08-07,3598.699951171875,548429135.466447
LUPIN,2026-08-07,2363.5,2288052616.661975
M&M,2026-08-07,3502.0,9102489380.569958
M&MFIN,2026-08-07,408.45001220703125,1578647489.715158
MAHABANK,2026-08-07,78.27999877929688,1304896996.6113021
MANAPPURAM,2026-08-07,366.75,1424004629.084996
MANKIND,2026-08-07,2456.0,1447690565.2173095
MAPMYINDIA,2026-08-07,1014.2999877929688,676648135.084904
MARICO,2026-08-07,862.0,1704823935.4983287
MARUTI,2026-08-07,14037.0,6400593321.6
MAXHEALTH,2026-08-07,1070.0,2626777590.8791513
MAZDOCK,2026-08-07,2514.89990234375,2020195867.2475626
MCX,2026-08-07,2638.0,8832515634.783796
MEDANTA,2026-08-07,1455.5999755859375,335779868.2497782
MEESHO,2026-08-07,191.35000610351562,3784606192.8181243
MFSL,2026-08-07,1497.4000244140625,1154276257.599941
MGL,2026-08-07,1139.5999755859375,290273275.46699625
MINDACORP,2026-08-07,721.6500244140625,355054113.15185344
MMTC,2026-08-07,63.97999954223633,547148482.7244858
MOTHERSON,2026-08-07,168.5,3589151204.0890765
MOTILALOFS,2026-08-07,870.0,960791888.614567
MPHASIS,2026-08-07,2475.0,1416425660.1033163
MRF,2026-08-07,134190.0,829012797.9166666
MRPL,2026-08-07,167.00999450683594,2010569605.3587418
MSUMI,2026-08-07,41.15999984741211,553330660.0753144
MUTHOOTFIN,2026-08-07,2890.0,3375098152.7193155
NAM-INDIA,2026-08-07,1176.0,1123731246.6910238
NATCOPHARM,2026-08-07,916.6500244140625,658670662.42901
NATIONALUM,2026-08-07,381.0,4242537718.815608
NAUKRI,2026-08-07,1225.300048828125,2816783284.799952
NAVA,2026-08-07,581.8499755859375,227675095.35334575
NAVINFLUOR,2026-08-07,8271.0,1623106253.1333334
NBCC,2026-08-07,95.33000183105469,1382576641.222059
NCC,2026-08-07,145.58999633789062,283653007.3849973
NESTLEIND,2026-08-07,1540.0,3188846553.4369283
NETWEB,2026-08-07,4939.2001953125,7976243195.024585
NEULANDLAB,2026-08-07,22855.0,1227170687.2
NEWGEN,2026-08-07,551.0,1985104040.4730785
NH,2026-08-07,1885.0999755859375,662575887.9590149
NHPC,2026-08-07,76.91999816894531,2063321192.077246
NIACL,2026-08-07,177.11000061035156,1346885590.595991
NIVABUPA,2026-08-07,86.19000244140625,167844401.57874718
NLCINDIA,2026-08-07,304.3999938964844,2075708529.7472749
NMDC,2026-08-07,84.91999816894531,2132966589.6411245
NSLNISP,2026-08-07,43.84000015258789,363196558.7225231
NTPC,2026-08-07,342.5,4187929788.9381757
NTPCGREEN,2026-08-07,91.5,566389294.1334769
NUVAMA,2026-08-07,1642.699951171875,909742032.6001526
NUVOCO,2026-08-07,345.79998779296875,647048181.7617131
NYKAA,2026-08-07,332.0,2449385989.3117166
OBEROIRLTY,2026-08-07,1775.0,891717168.92382
OFSS,2026-08-07,11805.0,3808737281.7166667
OIL,2026-08-07,442.79998779296875,1775598106.4261043
OLAELEC,2026-08-07,41.06999969482422,5088777289.938708
OLECTRA,2026-08-07,1385.0,1069306371.088387
ONESOURCE,2026-08-07,1576.0,450918182.5600586
ONGC,2026-08-07,238.85000610351562,3858637462.975778
PAGEIND,2026-08-07,39900.0,1322076282.5833333
PARADEEP,2026-08-07,149.4499969482422,1063013102.1225895
PATANJALI,2026-08-07,357.5,1953747942.3398123
PAYTM,2026-08-07,1441.5999755859375,3655271753.605176
PCBL,2026-08-07,321.8999938964844,731473609.2275157
PERSISTENT,2026-08-07,5475.0,3939947560.3301516
PETRONET,2026-08-07,280.6000061035156,700657887.2077103
PFC,2026-08-07,420.0,2490358589.480731
PFIZER,2026-08-07,4880.60009765625,145251436.38003743
PFOCUS,2026-08-07,287.6000061035156,163940892.00718638
PGEL,2026-08-07,630.6500244140625,1580110328.937815
PHOENIXLTD,2026-08-07,1895.5,1309110740.232731
PIDILITIND,2026-08-07,1660.0,1563606526.134605
PIIND,2026-08-07,2774.60009765625,977026103.1818156
PINELABS,2026-08-07,154.44000244140625,3936706263.3736258
PIRAMALFIN,2026-08-07,2109.699951171875,717677012.995518
PNB,2026-08-07,114.80999755859375,2106969479.5341156
PNBHOUSING,2026-08-07,1143.0,1023460150.0227427
POLICYBZR,2026-08-07,1604.5,3416663640.1402545
POLYCAB,2026-08-07,9218.0,3115958854.2
POLYMED,2026-08-07,1693.800048828125,238173640.2138692
POONAWALLA,2026-08-07,480.04998779296875,715306287.5076395
POWERGRID,2026-08-07,271.6000061035156,3154597085.5113006
POWERINDIA,2026-08-07,32600.0,5641404854.166667
PPLPHARMA,2026-08-07,209.5500030517578,1311787126.188244
PREMIERENE,2026-08-07,1047.199951171875,1676249249.2966135
PRESTIGE,2026-08-07,1584.800048828125,1201593716.6300902
PTCIL,2026-08-07,19076.0,426756139.75
PVRINOX,2026-08-07,1156.0,306648269.0293264
PWL,2026-08-07,131.58999633789062,1562948006.266993
RADICO,2026-08-07,4499.0,1566529593.734733
RAILTEL,2026-08-07,288.54998779296875,219811027.5886846
RAINBOW,2026-08-07,1556.699951171875,153124529.88799846
RAMCOCEM,2026-08-07,933.7999877929688,171589582.9136556
RBLBANK,2026-08-07,389.79998779296875,2067800314.5812032
RECLTD,2026-08-07,367.0,1856808797.920165
REDINGTON,2026-08-07,354.8500061035156,2189837817.000959
RELIANCE,2026-08-07,1334.800048828125,19208690644.24725
RHIM,2026-08-07,412.79998779296875,795423678.825851
RITES,2026-08-07,234.24000549316406,1014529597.073509
RKFORGE,2026-08-07,726.5499877929688,732776666.3552165
RPOWER,2026-08-07,24.34000015258789,962873438.902717
RRKABEL,2026-08-07,2759.5,1695531999.4765787
RVNL,2026-08-07,233.3800048828125,1802203875.4512455
SAGILITY,2026-08-07,43.66999816894531,919552482.3741978
SAIL,2026-08-07,176.5800018310547,3549882508.2583923
SAILIFE,2026-08-07,1365.199951171875,732190252.8317139
SAMMAANCAP,2026-08-07,163.1699981689453,2634997126.6520934
SAPPHIRE,2026-08-07,224.22000122070312,346489930.3293391
SARDAEN,2026-08-07,497.6000061035156,199932286.89518434
SAREGAMA,2026-08-07,519.2000122070312,1703876075.016189
SBFC,2026-08-07,94.25,111353445.96375643
SBICARD,2026-08-07,659.0,843201747.6587443
SBILIFE,2026-08-07,1855.5,1754082565.0735757
SBIN,2026-08-07,1097.199951171875,12882359950.004353
SCHAEFFLER,2026-08-07,4035.199951171875,291680784.2077189
SCHNEIDER,2026-08-07,1354.800048828125,588578953.2780558
SCI,2026-08-07,304.75,1653271368.4089086
SHREECEM,2026-08-07,26010.0,631285711.5833334
SHRIRAMFIN,2026-08-07,1115.0,5920046497.526951
SHYAMMETL,2026-08-07,1006.9000244140625,617883053.2469828
SIEMENS,2026-08-07,3940.10009765625,1632637341.8761964
SIGNATURE,2026-08-07,802.2999877929688,354451151.3810069
SJVN,2026-08-07,67.95999908447266,203676956.14023668
SOBHA,2026-08-07,1339.0,247738111.18739015
SOLARINDS,2026-08-07,18650.0,2885000768.6666665
SONACOMS,2026-08-07,818.0499877929688,1560187241.907662
SONATSOFTW,2026-08-07,318.04998779296875,1000994049.3508534
SPLPETRO,2026-08-07,701.4500122070312,98185443.31393534
SRF,2026-08-07,2615.0,1421647658.1192465
STARHEALTH,2026-08-07,569.8499755859375,393368956.5007075
SUMICHEM,2026-08-07,532.9500122070312,529485900.3780385
SUNDARMFIN,2026-08-07,4604.2001953125,378144397.9987223
SUNPHARMA,2026-08-07,1945.0,4669874398.615934
SUNTV,2026-08-07,486.6499938964844,177421505.12644604
SUPREMEIND,2026-08-07,3442.0,662160732.5964844
SUZLON,2026-08-07,48.150001525878906,4658571734.599472
SWANCORP,2026-08-07,308.04998779296875,294447049.85644585
SWIGGY,2026-08-07,280.75,4809786468.759975
SYNGENE,2026-08-07,403.70001220703125,521081609.3427363
SYRMA,2026-08-07,1424.699951171875,1803782348.3524556
TARIL,2026-08-07,297.79998779296875,1055642594.8422363
TATACAP,2026-08-07,370.29998779296875,1134285692.3663626
TATACHEM,2026-08-07,673.5499877929688,568654259.7710866
TATACOMM,2026-08-07,1755.199951171875,1329370673.0162497
TATACONSUM,2026-08-07,1082.300048828125,1975282825.9529846
TATAELXSI,2026-08-07,3781.0,1497497096.7522094
TATAINVEST,2026-08-07,693.6500244140625,268354706.3399068
TATAPOWER,2026-08-07,380.54998779296875,1869052613.5717993
TATASTEEL,2026-08-07,187.5500030517578,5592101763.35498
TATATECH,2026-08-07,872.7999877929688,1319597746.3792298
TBOTEK,2026-08-07,1610.9000244140625,392332278.0805074
TCS,2026-08-07,2452.699951171875,11464862578.487555
TECHM,2026-08-07,1635.0,4309175833.038395
TECHNOE,2026-08-07,1066.25,382116046.3984273
TEGA,2026-08-07,1625.699951171875,235146487.2751058
TEJASNET,2026-08-07,513.4500122070312,3348021612.2080865
TENNIND,2026-08-07,562.7999877929688,503992720.8321228
THELEELA,2026-08-07,518.0,228030470.20840555
THERMAX,2026-08-07,4059.89990234375,1507393703.4947917
TIINDIA,2026-08-07,2772.0,934099423.0350748
TIMKEN,2026-08-07,3351.0,262468880.75466716
TITAGARH,2026-08-07,847.4500122070312,701526364.9304352
TITAN,2026-08-07,4941.0,3945920289.417037
TMCV,2026-08-07,453.1000061035156,3760712789.870197
TMPV,2026-08-07,347.0,4252686047.521893
TORNTPHARM,2026-08-07,4924.0,3163831844.641569
TORNTPOWER,2026-08-07,1350.800048828125,567050573.579067
TRAVELFOOD,2026-08-07,1428.5999755859375,104969584.84338583
TRENT,2026-08-07,2997.0,4566153152.939494
TRIDENT,2026-08-07,25.18000030517578,173774045.45339966
TRITURBINE,2026-08-07,636.4500122070312,1394247523.5349681
TTML,2026-08-07,39.369998931884766,167708578.2151757
TVSMOTOR,2026-08-07,4440.89990234375,4829126064.281087
UBL,2026-08-07,1400.300048828125,200654954.4835083
UCOBANK,2026-08-07,26.399999618530273,214166800.10092133
ULTRACEMCO,2026-08-07,12105.0,3590098284.5
UNIONBANK,2026-08-07,183.60000610351562,2609674978.344359
UNITDSPR,2026-08-07,1512.4000244140625,1326451378.6294394
UNOMINDA,2026-08-07,1285.0,1068289148.8737183
UPL,2026-08-07,573.0,1338094512.027536
URBANCO,2026-08-07,143.74000549316406,719981785.0462865
USHAMART,2026-08-07,515.0499877929688,317522665.8741816
UTIAMC,2026-08-07,896.6500244140625,205521119.47782186
VBL,2026-08-07,442.0,3236273495.6982746
VEDL,2026-08-07,278.8500061035156,6511861413.681576
VIJAYA,2026-08-07,1351.0999755859375,360813752.07456666
VMM,2026-08-07,108.72000122070312,1294299213.49664
VOLTAS,2026-08-07,1285.0,1282088528.1996603
VTL,2026-08-07,606.75,224469850.93294677
WAAREEENER,2026-08-07,2717.0,2783046015.883028
WELCORP,2026-08-07,1839.800048828125,1586315543.90118
WELSPUNLIV,2026-08-07,164.08999633789062,443067664.09838206
WHIRLPOOL,2026-08-07,813.1500244140625,260108561.53833416
WIPRO,2026-08-07,187.52999877929688,4739546987.235438
WOCKPHARMA,2026-08-07,2021.0,3334803321.268925
YESBANK,2026-08-07,22.690000534057617,2394035770.5131574
ZEEL,2026-08-07,94.19000244140625,4185721835.300544
ZENSARTECH,2026-08-07,499.0,2391930744.341502
ZENTEC,2026-08-07,1721.0999755859375,1347950439.4538574
ZFCVINDIA,2026-08-07,2637.199951171875,438234834.82591957
ZYDUSLIFE,2026-08-07,1114.199951171875,1838892100.483836
ZYDUSWELL,2026-08-07,533.8499755859375,427025201.51307017
